"Full Name","Job Title","Department","Business Unit","Gender","Ethnicity","Age","Hire Date","Country","City","experience"
"Cameron Powell","Business Partner","Human Resources","Manufacturing","Male","Black","41","2004-08-20","United States","Austin",20
"Liliana Soto","Business Partner","Human Resources","Manufacturing","Female","Latino","58","2010-10-12","United States","Austin",13
"Nathan Lau","Business Partner","Human Resources","Research & Development","Male","Asian","35","2011-02-22","United States","Austin",13
"Aiden Le","Cloud Infrastructure Architect","IT","Corporate","Male","Asian","55","1994-12-24","United States","Austin",29
"John Delgado","Cloud Infrastructure Architect","IT","Corporate","Male","Latino","30","2017-02-11","United States","Austin",7
"Cora Evans","Computer Systems Manager","IT","Speciality Products","Female","Black","45","2018-03-26","United States","Austin",6
"Ian Miller","Computer Systems Manager","IT","Corporate","Male","Black","31","2016-10-13","United States","Austin",7
"Wyatt Rojas","Computer Systems Manager","IT","Corporate","Male","Latino","32","2013-03-20","United States","Austin",11
"Eloise Griffin","Director","Sales","Manufacturing","Female","Caucasian","55","1995-10-29","United States","Austin",28
"Everleigh Espinoza","Director","Human Resources","Manufacturing","Female","Latino","54","2018-01-22","United States","Austin",6
"Skylar Evans","Director","Accounting","Research & Development","Female","Caucasian","42","2009-06-04","United States","Austin",15
"Eliza Chen","Enterprise Architect","IT","Research & Development","Female","Asian","36","2016-04-29","United States","Austin",8
"Mateo Williams","Enterprise Architect","IT","Manufacturing","Male","Caucasian","40","2011-01-22","United States","Austin",13
"Nicholas Avila","Enterprise Architect","IT","Research & Development","Male","Latino","28","2017-09-28","United States","Austin",6
"Nora Brown","Enterprise Architect","IT","Manufacturing","Female","Caucasian","32","2014-02-11","United States","Austin",10
"Leah Bryant","IT Coordinator","IT","Manufacturing","Female","Caucasian","55","2004-04-30","United States","Austin",20
"Brooklyn Salazar","IT Systems Architect","IT","Manufacturing","Female","Latino","44","2011-03-01","United States","Austin",13
"Layla Collins","IT Systems Architect","IT","Speciality Products","Female","Caucasian","26","2021-03-11","United States","Austin",3
"Easton Bailey","Manager","Accounting","Manufacturing","Male","Caucasian","29","2019-01-25","United States","Austin",5
"Eli Jones","Manager","Human Resources","Manufacturing","Male","Caucasian","59","1999-03-14","United States","Austin",25
"Josiah Lewis","Manager","IT","Research & Development","Male","Caucasian","46","2021-08-11","United States","Austin",3
"Kennedy Foster","Manager","Marketing","Speciality Products","Female","Caucasian","53","2013-11-23","United States","Austin",10
"Leah Patterson","Manager","Human Resources","Research & Development","Female","Caucasian","33","2012-06-11","United States","Austin",12
"Naomi Washington","Manager","IT","Speciality Products","Female","Caucasian","51","2020-03-13","United States","Austin",4
"Natalia Owens","Manager","Human Resources","Manufacturing","Female","Caucasian","31","2021-01-18","United States","Austin",3
"Nathan Mendez","Manager","IT","Speciality Products","Male","Latino","53","2006-10-31","United States","Austin",17
"Willow Chen","Manager","Accounting","Corporate","Female","Asian","50","2012-09-03","United States","Austin",12
"Connor Bell","Network Administrator","IT","Corporate","Male","Black","54","2000-04-01","United States","Austin",24
"Ezra Simmons","Network Administrator","IT","Manufacturing","Male","Black","31","2016-05-07","United States","Austin",8
"Isaac Mitchell","Network Architect","IT","Speciality Products","Male","Black","46","2005-06-10","United States","Austin",19
"William Phillips","Network Architect","IT","Corporate","Male","Black","61","2004-01-27","United States","Austin",20
"Nevaeh James","Solutions Architect","IT","Speciality Products","Female","Caucasian","45","2017-11-03","United States","Austin",6
"Emma Brooks","Sr. Account Representative","Sales","Research & Development","Female","Caucasian","30","2016-12-18","United States","Austin",7
"Allison Leung","Sr. Analyst","Sales","Research & Development","Female","Asian","62","2020-05-18","United States","Austin",4
"David Owens","Sr. Analyst","Sales","Corporate","Male","Black","43","2004-04-16","United States","Austin",20
"Hannah Nelson","Sr. Analyst","Marketing","Speciality Products","Female","Caucasian","35","2019-09-07","United States","Austin",5
"Hudson Hill","Sr. Analyst","Sales","Research & Development","Male","Caucasian","30","2019-11-04","United States","Austin",4
"Robert Yang","Sr. Analyst","Accounting","Speciality Products","Male","Asian","31","2017-11-04","United States","Austin",6
"Violet Garcia","Sr. Analyst","Marketing","Speciality Products","Female","Latino","35","2017-01-10","United States","Austin",7
"Everly Walker","Sr. Manger","Sales","Research & Development","Female","Caucasian","62","1999-08-02","United States","Austin",25
"Grace Carter","Sr. Manger","Human Resources","Speciality Products","Female","Black","25","2021-03-17","United States","Austin",3
"Hazel Young","Sr. Manger","Sales","Speciality Products","Female","Black","30","2017-08-13","United States","Austin",7
"Lyla Stewart","Sr. Manger","IT","Speciality Products","Female","Caucasian","43","2015-03-27","United States","Austin",9
"Mia Lam","Sr. Manger","IT","Manufacturing","Female","Asian","49","2006-04-18","United States","Austin",18
"Roman Munoz","Sr. Manger","Sales","Speciality Products","Male","Latino","54","2011-10-20","United States","Austin",12
"Sebastian Fong","Sr. Manger","IT","Manufacturing","Male","Asian","46","2017-12-16","United States","Austin",6
"Sofia Vu","Sr. Manger","Human Resources","Research & Development","Female","Asian","52","2017-09-05","United States","Austin",7
"Charles Henderson","Systems Analyst","IT","Speciality Products","Male","Caucasian","48","2002-02-11","United States","Austin",22
"Paisley Trinh","Technical Architect","IT","Corporate","Female","Asian","57","1992-05-04","United States","Austin",32
"Cora Jiang","Vice President","IT","Corporate","Female","Asian","53","2008-04-30","United States","Austin",16
"David Desai","Vice President","Sales","Speciality Products","Male","Asian","47","2016-11-22","United States","Austin",7
"Emilia Bailey","Vice President","Accounting","Speciality Products","Female","Caucasian","41","2012-08-09","United States","Austin",12
"Grayson Chin","Vice President","IT","Research & Development","Male","Asian","26","2020-05-09","United States","Austin",4
"Hadley Dang","Vice President","Accounting","Corporate","Female","Asian","47","2021-12-26","United States","Austin",2
"Hannah Mejia","Vice President","Marketing","Corporate","Female","Latino","47","1999-03-13","United States","Austin",25
"Henry Zhu","Vice President","Marketing","Speciality Products","Male","Asian","38","2021-08-25","United States","Austin",3
"Hudson Williams","Vice President","Sales","Speciality Products","Male","Black","36","2018-03-19","United States","Austin",6
"Isla Wong","Vice President","Accounting","Corporate","Female","Asian","56","2014-03-16","United States","Austin",10
"Jaxson Mai","Vice President","Human Resources","Research & Development","Male","Asian","48","2014-03-08","United States","Austin",10
"Lyla Yoon","Vice President","Accounting","Manufacturing","Female","Asian","38","2012-12-13","United States","Austin",11
"Nevaeh Jones","Vice President","Sales","Manufacturing","Female","Caucasian","31","2020-08-20","United States","Austin",4
"Samantha Foster","Vice President","Human Resources","Research & Development","Female","Black","34","2019-07-27","United States","Austin",5
"Evelyn Jung","Analyst","Sales","Research & Development","Female","Asian","30","2021-02-14","China","Beijing",3
"Maria Chin","Analyst","Marketing","Manufacturing","Female","Asian","65","2013-09-26","China","Beijing",10
"Adam He","Director","Accounting","Speciality Products","Male","Asian","35","2017-08-16","China","Beijing",7
"Eli Gupta","Director","Human Resources","Research & Development","Male","Asian","37","2012-05-19","China","Beijing",12
"Jack Cheng","Director","Human Resources","Manufacturing","Male","Asian","42","2014-01-16","China","Beijing",10
"Leilani Chow","Director","Human Resources","Corporate","Female","Asian","27","2021-02-23","China","Beijing",3
"Luke Zheng","Director","Human Resources","Speciality Products","Male","Asian","39","2006-11-28","China","Beijing",17
"Madison Li","Director","Marketing","Manufacturing","Female","Asian","35","2017-03-06","China","Beijing",7
"Raelynn Hong","Director","Marketing","Speciality Products","Female","Asian","28","2019-12-11","China","Beijing",4
"Savannah He","Director","IT","Research & Development","Female","Asian","52","1996-02-14","China","Beijing",28
"Mia Wu","Enterprise Architect","IT","Corporate","Female","Asian","45","2013-08-25","China","Beijing",11
"Luke Mai","HRIS Analyst","Human Resources","Research & Development","Male","Asian","41","2007-10-24","China","Beijing",16
"Angel Do","IT Systems Architect","IT","Speciality Products","Male","Asian","34","2019-09-20","China","Beijing",4
"Maria He","IT Systems Architect","IT","Corporate","Female","Asian","45","2010-08-28","China","Beijing",14
"Austin Vang","Manager","Marketing","Speciality Products","Male","Asian","49","2018-05-20","China","Beijing",6
"Christian Fong","Manager","Sales","Research & Development","Male","Asian","49","2012-08-10","China","Beijing",12
"Grayson Yee","Manager","Human Resources","Corporate","Male","Asian","48","2015-07-16","China","Beijing",9
"James Huang","Manager","Human Resources","Speciality Products","Male","Asian","54","1997-03-11","China","Beijing",27
"Matthew Gupta","Network Engineer","IT","Speciality Products","Male","Asian","45","2005-09-18","China","Beijing",19
"Anna Zhu","Service Desk Analyst","IT","Manufacturing","Female","Asian","48","2003-08-22","China","Beijing",21
"Elias Zhang","Solutions Architect","IT","Research & Development","Male","Asian","54","2013-07-13","China","Beijing",11
"Audrey Hwang","Sr. Analyst","Accounting","Speciality Products","Female","Asian","45","2020-06-17","China","Beijing",4
"Genesis Hu","Sr. Analyst","Marketing","Corporate","Female","Asian","46","2002-01-15","China","Beijing",22
"Jaxon Fong","Sr. Analyst","Sales","Speciality Products","Male","Asian","59","1997-03-13","China","Beijing",27
"Mila Leung","Sr. Analyst","Marketing","Corporate","Female","Asian","39","2007-11-05","China","Beijing",16
"Thomas Chang","Sr. Analyst","Accounting","Research & Development","Male","Asian","34","2011-07-26","China","Beijing",13
"William Cao","Sr. Analyst","Marketing","Manufacturing","Male","Asian","63","2017-02-12","China","Beijing",7
"Eliza Liang","Sr. Manger","Human Resources","Speciality Products","Female","Asian","36","2010-03-11","China","Beijing",14
"Noah Chen","Sr. Manger","Marketing","Manufacturing","Male","Asian","63","2015-03-01","China","Beijing",9
"Peyton Huang","Sr. Manger","IT","Manufacturing","Female","Asian","25","2021-07-02","China","Beijing",3
"Axel Chu","Systems Analyst","IT","Research & Development","Male","Asian","43","2018-05-04","China","Beijing",6
"Miles Cho","Systems Analyst","IT","Speciality Products","Male","Asian","47","1999-03-10","China","Beijing",25
"Joshua Lin","Technical Architect","IT","Research & Development","Male","Asian","37","2016-02-05","China","Beijing",8
"Penelope Choi","Technical Architect","IT","Speciality Products","Female","Asian","49","2010-09-10","China","Beijing",14
"Dylan Choi","Vice President","IT","Corporate","Male","Asian","63","2012-05-11","China","Beijing",12
"Paisley Kang","Vice President","Human Resources","Corporate","Female","Asian","61","2017-03-10","China","Beijing",7
"Lillian Park","Analyst","Marketing","Research & Development","Female","Asian","40","2021-02-24","China","Chengdu",3
"Emery Chang","Business Partner","Human Resources","Research & Development","Female","Asian","45","2000-08-17","China","Chengdu",24
"Willow Mai","Business Partner","Human Resources","Manufacturing","Female","Asian","45","2003-12-17","China","Chengdu",20
"Connor Luu","Computer Systems Manager","IT","Speciality Products","Male","Asian","35","2016-05-03","China","Chengdu",8
"Cora Zheng","Director","IT","Manufacturing","Female","Asian","27","2018-01-03","China","Chengdu",6
"Henry Shah","Director","Accounting","Manufacturing","Male","Asian","55","2010-06-11","China","Chengdu",14
"John Cho","Director","Human Resources","Speciality Products","Male","Asian","47","2019-11-03","China","Chengdu",4
"Madison Kumar","Director","Accounting","Speciality Products","Female","Asian","55","2010-10-17","China","Chengdu",13
"Maria Sun","Director","Sales","Corporate","Female","Asian","25","2021-12-19","China","Chengdu",2
"Skylar Liu","Director","IT","Research & Development","Female","Asian","29","2020-08-09","China","Chengdu",4
"Adam Kaur","Manager","IT","Corporate","Male","Asian","60","2000-01-29","China","Chengdu",24
"Hannah Hoang","Manager","Accounting","Speciality Products","Female","Asian","25","2021-12-15","China","Chengdu",2
"Luca Duong","Manager","Human Resources","Research & Development","Male","Asian","48","2004-06-30","China","Chengdu",20
"Ariana Kim","Network Architect","IT","Manufacturing","Female","Asian","33","2014-06-29","China","Chengdu",10
"Jaxon Park","Network Architect","IT","Manufacturing","Male","Asian","33","2020-07-24","China","Chengdu",4
"Charlotte Chu","Network Engineer","IT","Manufacturing","Female","Asian","50","2001-01-23","China","Chengdu",23
"Eli Rahman","Service Desk Analyst","IT","Manufacturing","Male","Asian","45","2010-03-16","China","Chengdu",14
"Jace Zhang","Service Desk Analyst","IT","Speciality Products","Male","Asian","31","2017-02-14","China","Chengdu",7
"Liliana Do","Service Desk Analyst","IT","Manufacturing","Female","Asian","30","2019-03-29","China","Chengdu",5
"Lucy Fong","Sr. Account Representative","Sales","Corporate","Female","Asian","40","2011-01-20","China","Chengdu",13
"Eli Han","Sr. Analyst","Accounting","Manufacturing","Male","Asian","40","2016-01-15","China","Chengdu",8
"Ian Wu","Sr. Analyst","Marketing","Manufacturing","Male","Asian","51","2012-04-14","China","Chengdu",12
"Jack Mai","Sr. Analyst","Marketing","Corporate","Male","Asian","45","2007-09-22","China","Chengdu",16
"Leilani Sharma","Sr. Analyst","Accounting","Manufacturing","Female","Asian","43","2014-01-23","China","Chengdu",10
"Leilani Yee","Sr. Analyst","Marketing","Speciality Products","Female","Asian","47","2017-07-12","China","Chengdu",7
"Owen Lam","Sr. Business Partner","Human Resources","Speciality Products","Male","Asian","30","2017-05-29","China","Chengdu",7
"John Chow","Sr. Manger","Marketing","Research & Development","Male","Asian","45","2021-03-11","China","Chengdu",3
"Sadie Lee","Sr. Manger","Marketing","Corporate","Female","Asian","65","2000-10-24","China","Chengdu",23
"Madeline Hoang","Systems Analyst","IT","Research & Development","Female","Asian","28","2019-10-25","China","Chengdu",4
"Brooklyn Cho","Technical Architect","IT","Manufacturing","Female","Asian","45","2002-07-08","China","Chengdu",22
"Hailey Lai","Vice President","Human Resources","Manufacturing","Female","Asian","52","2012-07-23","China","Chengdu",12
"Xavier Park","Vice President","IT","Research & Development","Male","Asian","40","2020-11-08","China","Chengdu",3
"Axel Jordan","Analyst","Sales","Corporate","Male","Caucasian","47","2013-02-28","United States","Chicago",11
"Lincoln Henderson","Business Partner","Human Resources","Speciality Products","Male","Caucasian","28","2021-06-27","United States","Chicago",3
"Greyson Sanders","Cloud Infrastructure Architect","IT","Speciality Products","Male","Black","28","2019-03-06","United States","Chicago",5
"Paisley Bryant","Cloud Infrastructure Architect","IT","Manufacturing","Female","Black","37","2016-04-27","United States","Chicago",8
"Sofia Parker","Cloud Infrastructure Architect","IT","Manufacturing","Female","Caucasian","36","2014-05-30","United States","Chicago",10
"Maverick Henry","Computer Systems Manager","IT","Research & Development","Male","Caucasian","26","2019-07-10","United States","Chicago",5
"Penelope Jordan","Computer Systems Manager","IT","Manufacturing","Female","Caucasian","26","2019-09-27","United States","Chicago",4
"Audrey Richardson","Director","IT","Manufacturing","Female","Caucasian","46","2018-10-06","United States","Chicago",5
"Connor Joseph","Director","Human Resources","Corporate","Male","Caucasian","50","1998-07-22","United States","Chicago",26
"Jacob Davis","Director","Accounting","Research & Development","Male","Caucasian","36","2016-09-03","United States","Chicago",8
"Liam Zhang","Director","Marketing","Research & Development","Male","Asian","29","2021-09-15","United States","Chicago",3
"Lincoln Hall","Director","Accounting","Speciality Products","Male","Caucasian","26","2020-07-28","United States","Chicago",4
"Avery Grant","Enterprise Architect","IT","Research & Development","Female","Caucasian","49","2014-03-05","United States","Chicago",10
"Eleanor Williams","Enterprise Architect","IT","Speciality Products","Female","Caucasian","61","2005-02-09","United States","Chicago",19
"Austin Edwards","IT Coordinator","IT","Manufacturing","Male","Black","42","2006-09-24","United States","Chicago",17
"Maverick Figueroa","IT Systems Architect","IT","Corporate","Male","Latino","48","2008-07-06","United States","Chicago",16
"Serenity Bailey","IT Systems Architect","IT","Manufacturing","Female","Caucasian","55","2011-11-21","United States","Chicago",12
"Alexander Choi","Manager","Marketing","Research & Development","Male","Asian","55","1994-09-18","United States","Chicago",30
"Charlotte Chang","Manager","Sales","Research & Development","Female","Asian","50","2000-05-07","United States","Chicago",24
"Hannah King","Manager","Accounting","Speciality Products","Female","Caucasian","31","2014-10-07","United States","Chicago",9
"Isaac Yoon","Manager","Human Resources","Corporate","Male","Asian","41","2019-02-06","United States","Chicago",5
"Lucas Daniels","Manager","Sales","Corporate","Male","Black","42","2011-05-29","United States","Chicago",13
"Wesley King","Manager","Accounting","Manufacturing","Male","Caucasian","57","2019-01-19","United States","Chicago",5
"Angel Lin","Network Administrator","IT","Manufacturing","Male","Asian","27","2020-12-24","United States","Chicago",3
"Benjamin Ramirez","Network Engineer","IT","Research & Development","Male","Latino","48","2005-07-27","United States","Chicago",19
"Everett Khan","Solutions Architect","IT","Manufacturing","Male","Asian","43","2017-01-18","United States","Chicago",7
"Grayson Turner","Solutions Architect","IT","Corporate","Male","Caucasian","54","1992-06-30","United States","Chicago",32
"Silas Hunter","Solutions Architect","IT","Corporate","Male","Black","55","1998-05-04","United States","Chicago",26
"Violet Hall","Solutions Architect","IT","Corporate","Female","Caucasian","40","2010-12-10","United States","Chicago",13
"Caleb Xiong","Sr. Account Representative","Sales","Corporate","Male","Asian","38","2011-11-28","United States","Chicago",12
"Bella Lopez","Sr. Analyst","Marketing","Corporate","Female","Latino","32","2013-11-12","United States","Chicago",10
"Dominic Baker","Sr. Analyst","Accounting","Manufacturing","Male","Black","51","2020-10-09","United States","Chicago",3
"Ethan Tang","Sr. Analyst","Accounting","Speciality Products","Male","Asian","54","2016-05-04","United States","Chicago",8
"Levi Brown","Sr. Analyst","Sales","Corporate","Male","Black","36","2021-12-26","United States","Chicago",2
"Nova Hill","Sr. Analyst","Accounting","Manufacturing","Female","Caucasian","56","2018-03-10","United States","Chicago",6
"Penelope Johnson","Sr. Analyst","Marketing","Research & Development","Female","Caucasian","34","2012-06-25","United States","Chicago",12
"Lyla Chen","Sr. Business Partner","Human Resources","Research & Development","Female","Asian","45","2019-04-26","United States","Chicago",5
"Riley Ramirez","Sr. Business Partner","Human Resources","Research & Development","Female","Latino","52","1999-09-13","United States","Chicago",25
"Dominic Dinh","Sr. Manger","Marketing","Speciality Products","Male","Asian","45","2005-04-11","United States","Chicago",19
"Eleanor Li","Sr. Manger","Human Resources","Research & Development","Female","Asian","64","2003-12-07","United States","Chicago",20
"Eva Jenkins","Sr. Manger","Human Resources","Manufacturing","Female","Black","55","2004-11-10","United States","Chicago",19
"Mason Watson","Sr. Manger","IT","Corporate","Male","Caucasian","46","2004-09-14","United States","Chicago",20
"Santiago f Moua","Sr. Manger","Human Resources","Corporate","Male","Asian","45","2010-05-07","United States","Chicago",14
"Hadley Ford","Systems Analyst","IT","Research & Development","Female","Caucasian","52","2005-02-23","United States","Chicago",19
"Isla Han","Technical Architect","IT","Manufacturing","Female","Asian","58","2005-06-18","United States","Chicago",19
"Robert Wright","Technical Architect","IT","Manufacturing","Male","Caucasian","30","2015-06-14","United States","Chicago",9
"Brooks Marquez","Vice President","Sales","Corporate","Male","Latino","61","2019-09-24","United States","Chicago",4
"Elias Ahmed","Vice President","Marketing","Corporate","Male","Asian","57","2017-08-04","United States","Chicago",7
"Ella Huang","Vice President","Marketing","Corporate","Female","Asian","45","2016-02-28","United States","Chicago",8
"Everly Lai","Vice President","Marketing","Speciality Products","Female","Asian","52","1998-04-01","United States","Chicago",26
"Grayson Brown","Vice President","IT","Corporate","Male","Caucasian","38","2016-06-22","United States","Chicago",8
"Kinsley Acosta","Vice President","IT","Speciality Products","Female","Latino","32","2020-07-22","United States","Chicago",4
"Mason Cho","Vice President","Accounting","Research & Development","Male","Asian","59","2011-05-18","United States","Chicago",13
"Silas Rivera","Vice President","Sales","Corporate","Male","Latino","48","2000-02-28","United States","Chicago",24
"Emma Cao","Analyst","Accounting","Corporate","Female","Asian","27","2019-08-24","China","Chongqing",5
"Owen Han","Analyst","Accounting","Corporate","Male","Asian","28","2017-05-12","China","Chongqing",7
"Rylee Bui","Analyst","Accounting","Corporate","Female","Asian","55","2011-12-22","China","Chongqing",12
"Cooper Gupta","Business Partner","Human Resources","Speciality Products","Male","Asian","58","2014-06-20","China","Chongqing",10
"Everly Lin","Business Partner","Human Resources","Manufacturing","Female","Asian","25","2021-03-15","China","Chongqing",3
"Adeline Yang","Cloud Infrastructure Architect","IT","Corporate","Female","Asian","53","2011-07-20","China","Chongqing",13
"Benjamin Moua","Computer Systems Manager","IT","Manufacturing","Male","Asian","40","2007-07-02","China","Chongqing",17
"Eliza Zheng","Computer Systems Manager","IT","Speciality Products","Female","Asian","48","2014-04-20","China","Chongqing",10
"Gabriella Zhu","Computer Systems Manager","IT","Speciality Products","Female","Asian","36","2014-11-29","China","Chongqing",9
"Adam Dang","Director","Sales","Research & Development","Male","Asian","45","2002-07-09","China","Chongqing",22
"James Singh","Director","Marketing","Corporate","Male","Asian","45","2008-03-12","China","Chongqing",16
"John Dang","Director","Sales","Corporate","Male","Asian","58","1992-03-19","China","Chongqing",32
"Leah Khan","Director","Marketing","Corporate","Female","Asian","36","2010-09-13","China","Chongqing",14
"Luca Truong","Director","Marketing","Corporate","Male","Asian","45","2004-12-11","China","Chongqing",19
"Lucas Phan","Director","Marketing","Research & Development","Male","Asian","49","1999-02-19","China","Chongqing",25
"Penelope Fong","Director","Accounting","Corporate","Female","Asian","60","2004-05-14","China","Chongqing",20
"Andrew Ma","HRIS Analyst","Human Resources","Corporate","Male","Asian","31","2017-09-24","China","Chongqing",6
"Gabriel Zhou","IT Coordinator","IT","Manufacturing","Male","Asian","25","2021-01-17","China","Chongqing",3
"Colton Thao","Manager","Human Resources","Manufacturing","Male","Asian","55","1995-11-16","China","Chongqing",28
"Gianna Ha","Manager","IT","Research & Development","Female","Asian","55","2005-02-08","China","Chongqing",19
"Hailey Xi","Manager","Accounting","Corporate","Female","Asian","52","2021-11-19","China","Chongqing",2
"Jack Huynh","Manager","Marketing","Research & Development","Male","Asian","27","2018-09-25","China","Chongqing",5
"Sofia Trinh","Network Architect","IT","Speciality Products","Female","Asian","45","2006-12-18","China","Chongqing",17
"Ella Nguyen","Service Desk Analyst","IT","Corporate","Female","Asian","60","2004-02-10","China","Chongqing",20
"Dylan Kumar","Sr. Analyst","Marketing","Speciality Products","Male","Asian","55","2006-07-11","China","Chongqing",18
"Sebastian Gupta","Sr. Analyst","Marketing","Corporate","Male","Asian","40","2014-09-22","China","Chongqing",9
"Aubrey Yoon","Sr. Business Partner","Human Resources","Research & Development","Female","Asian","60","2005-11-11","China","Chongqing",18
"Ellie Chung","Sr. Manger","Marketing","Corporate","Female","Asian","59","2008-08-29","China","Chongqing",16
"Julia Luong","Sr. Manger","Accounting","Research & Development","Female","Asian","55","2006-06-20","China","Chongqing",18
"Leo Hsu","Sr. Manger","Human Resources","Manufacturing","Male","Asian","62","2017-11-22","China","Chongqing",6
"Naomi Chu","Sr. Manger","Sales","Manufacturing","Female","Asian","46","2004-02-29","China","Chongqing",20
"Sophie Vang","Sr. Manger","Marketing","Manufacturing","Female","Asian","25","2021-09-14","China","Chongqing",3
"Gabriel Yu","Technical Architect","IT","Speciality Products","Male","Asian","42","2014-06-23","China","Chongqing",10
"Mason Zhao","Technical Architect","IT","Research & Development","Male","Asian","46","2021-10-26","China","Chongqing",2
"Theodore Dinh","Technical Architect","IT","Manufacturing","Male","Asian","59","1997-11-29","China","Chongqing",26
"Dominic Le","Vice President","Marketing","Corporate","Male","Asian","41","2014-10-04","China","Chongqing",9
"Joseph Ly","Vice President","Marketing","Speciality Products","Male","Asian","40","2009-02-28","China","Chongqing",15
"Kennedy Rahman","Vice President","Human Resources","Manufacturing","Female","Asian","49","2003-02-28","China","Chongqing",21
"Mateo Her","Vice President","Sales","Speciality Products","Male","Asian","44","2014-03-02","China","Chongqing",10
"Christian Medina","Analyst","Marketing","Corporate","Male","Latino","51","2007-06-19","United States","Columbus",17
"Jameson Foster","Analyst","Marketing","Manufacturing","Male","Caucasian","28","2021-07-18","United States","Columbus",3
"Natalia Vu","Analyst","Accounting","Research & Development","Female","Asian","54","2006-12-29","United States","Columbus",17
"Nathan Lee","Analyst","Accounting","Manufacturing","Male","Asian","29","2016-08-20","United States","Columbus",8
"Ruby Choi","Analyst","Accounting","Manufacturing","Female","Asian","40","2018-12-06","United States","Columbus",5
"Caroline Alexander","Business Partner","Human Resources","Manufacturing","Female","Black","42","2020-09-18","United States","Columbus",4
"Grayson Soto","Business Partner","Human Resources","Manufacturing","Male","Latino","34","2015-08-03","United States","Columbus",9
"Julia Doan","Business Partner","Human Resources","Speciality Products","Female","Asian","53","2017-09-07","United States","Columbus",7
"Jade Hunter","Cloud Infrastructure Architect","IT","Corporate","Female","Caucasian","42","2020-02-05","United States","Columbus",4
"Nova Lin","Cloud Infrastructure Architect","IT","Manufacturing","Female","Asian","33","2017-10-21","United States","Columbus",6
"William Walker","Computer Systems Manager","IT","Research & Development","Male","Black","40","2019-02-24","United States","Columbus",5
"Aaron Garza","Director","Sales","Research & Development","Male","Latino","39","2013-12-27","United States","Columbus",10
"Caleb Nelson","Director","Marketing","Corporate","Male","Caucasian","33","2017-06-12","United States","Columbus",7
"David Barnes","Director","IT","Corporate","Male","Caucasian","64","2013-11-03","United States","Columbus",10
"Evelyn Dinh","Director","Sales","Research & Development","Female","Asian","41","2018-08-10","United States","Columbus",6
"Everleigh Jiang","Director","Accounting","Research & Development","Female","Asian","58","2003-05-14","United States","Columbus",21
"Jose Henderson","Director","Human Resources","Speciality Products","Male","Black","41","2015-04-17","United States","Columbus",9
"Matthew Howard","Director","Human Resources","Manufacturing","Male","Caucasian","50","2021-10-17","United States","Columbus",2
"Nicholas Wong","Director","Sales","Research & Development","Male","Asian","27","2019-11-07","United States","Columbus",4
"Nora Park","Director","Accounting","Speciality Products","Female","Asian","29","2017-06-28","United States","Columbus",7
"Olivia Harris","Director","Sales","Speciality Products","Female","Caucasian","63","2020-06-14","United States","Columbus",4
"Paisley Hall","Director","Human Resources","Speciality Products","Female","Caucasian","41","2010-05-21","United States","Columbus",14
"Samuel Song","Director","Sales","Corporate","Male","Asian","31","2015-06-29","United States","Columbus",9
"Ava Ortiz","Enterprise Architect","IT","Manufacturing","Female","Latino","53","2004-07-20","United States","Columbus",20
"Daniel Perry","Enterprise Architect","IT","Research & Development","Male","Caucasian","62","2001-04-15","United States","Columbus",23
"Brooks Stewart","HRIS Analyst","Human Resources","Manufacturing","Male","Black","45","2015-12-19","United States","Columbus",8
"Ethan Joseph","IT Coordinator","IT","Research & Development","Male","Caucasian","45","2018-05-28","United States","Columbus",6
"Ezekiel Kumar","IT Coordinator","IT","Research & Development","Male","Asian","28","2017-06-25","United States","Columbus",7
"Addison Mehta","Manager","Sales","Corporate","Female","Asian","27","2018-09-15","United States","Columbus",6
"Alexander Jackson","Manager","Human Resources","Corporate","Male","Caucasian","45","2012-07-09","United States","Columbus",12
"Elena Richardson","Manager","Accounting","Manufacturing","Female","Caucasian","34","2014-10-03","United States","Columbus",9
"Genesis Woods","Manager","Human Resources","Speciality Products","Female","Black","33","2013-08-21","United States","Columbus",11
"Jack Edwards","Manager","Marketing","Manufacturing","Male","Caucasian","38","2008-04-06","United States","Columbus",16
"Jayden Williams","Manager","Human Resources","Manufacturing","Male","Caucasian","64","1992-12-26","United States","Columbus",31
"Lucy Johnson","Manager","IT","Research & Development","Female","Caucasian","57","2020-04-27","United States","Columbus",4
"Mateo Harris","Manager","IT","Corporate","Male","Caucasian","30","2017-08-05","United States","Columbus",7
"Maya Ngo","Manager","Sales","Speciality Products","Female","Asian","55","2012-10-20","United States","Columbus",11
"Olivia Gray","Manager","Marketing","Research & Development","Female","Black","42","2015-09-19","United States","Columbus",9
"Vivian Lewis","Manager","Marketing","Manufacturing","Female","Caucasian","65","2011-09-07","United States","Columbus",13
"Everett Lee","Network Administrator","IT","Research & Development","Male","Asian","45","2010-02-26","United States","Columbus",14
"Madison Hunter","Network Administrator","IT","Corporate","Female","Caucasian","40","2012-02-05","United States","Columbus",12
"Jameson Nelson","Network Architect","IT","Research & Development","Male","Caucasian","61","2016-03-08","United States","Columbus",8
"Penelope Silva","Network Architect","IT","Speciality Products","Female","Latino","36","2016-11-03","United States","Columbus",7
"Jeremiah Hernandez","Network Engineer","IT","Manufacturing","Male","Latino","26","2019-04-14","United States","Columbus",5
"Brooklyn Reyes","Service Desk Analyst","IT","Manufacturing","Female","Latino","36","2019-12-19","United States","Columbus",4
"Jaxson Wright","Service Desk Analyst","IT","Manufacturing","Male","Black","54","2010-12-28","United States","Columbus",13
"Caroline Nelson","Sr. Account Representative","Sales","Speciality Products","Female","Black","60","1997-07-30","United States","Columbus",27
"Anna Molina","Sr. Analyst","Accounting","Corporate","Female","Latino","41","2016-06-12","United States","Columbus",8
"Piper Richardson","Sr. Analyst","Sales","Corporate","Female","Caucasian","38","2008-01-27","United States","Columbus",16
"Wesley Young","Sr. Analyst","Marketing","Speciality Products","Male","Caucasian","33","2016-09-18","United States","Columbus",8
"Ethan Clark","Sr. Business Partner","Human Resources","Manufacturing","Male","Caucasian","33","2017-08-04","United States","Columbus",7
"Alexander James","Sr. Manger","Human Resources","Manufacturing","Male","Caucasian","42","2013-04-18","United States","Columbus",11
"Anthony Hong","Sr. Manger","IT","Research & Development","Male","Asian","37","2010-11-29","United States","Columbus",13
"Asher Jackson","Sr. Manger","Sales","Speciality Products","Male","Caucasian","50","2003-03-25","United States","Columbus",21
"Ezekiel Jordan","Sr. Manger","Accounting","Corporate","Male","Caucasian","33","2013-02-10","United States","Columbus",11
"Genesis Perry","Sr. Manger","Sales","Corporate","Female","Caucasian","46","2013-07-18","United States","Columbus",11
"Hailey Watson","Sr. Manger","Accounting","Corporate","Female","Black","31","2017-01-20","United States","Columbus",7
"Ivy Daniels","Sr. Manger","Human Resources","Speciality Products","Female","Caucasian","41","2008-10-26","United States","Columbus",15
"Lillian Chen","Sr. Manger","Marketing","Research & Development","Female","Asian","25","2020-04-09","United States","Columbus",4
"Ryan Holmes","Sr. Manger","Marketing","Speciality Products","Male","Caucasian","45","2018-01-11","United States","Columbus",6
"Victoria Johnson","Sr. Manger","Accounting","Corporate","Female","Caucasian","55","2004-05-28","United States","Columbus",20
"Adrian Fernandez","Systems Analyst","IT","Research & Development","Male","Latino","45","2001-08-23","United States","Columbus",23
"Scarlett Kumar","Systems Analyst","IT","Corporate","Female","Asian","55","2009-01-07","United States","Columbus",15
"Silas Chavez","Technical Architect","IT","Research & Development","Male","Latino","51","2008-04-15","United States","Columbus",16
"Allison Roberts","Vice President","Sales","Manufacturing","Female","Black","54","2000-08-19","United States","Columbus",24
"Anthony Marquez","Vice President","IT","Speciality Products","Male","Latino","54","2009-08-15","United States","Columbus",15
"Christopher Lam","Vice President","Accounting","Manufacturing","Male","Asian","64","2013-03-29","United States","Columbus",11
"Daniel Huang","Vice President","Human Resources","Corporate","Male","Asian","31","2015-09-03","United States","Columbus",9
"Emery Acosta","Vice President","Sales","Research & Development","Female","Latino","42","2013-09-11","United States","Columbus",11
"Everly Coleman","Vice President","IT","Corporate","Female","Caucasian","48","2015-02-18","United States","Columbus",9
"Hadley Parker","Vice President","Marketing","Corporate","Female","Black","30","2016-09-21","United States","Columbus",7
"Jonathan Ho","Vice President","IT","Manufacturing","Male","Asian","37","2011-06-25","United States","Columbus",13
"Jordan Phillips","Vice President","Human Resources","Corporate","Male","Black","45","2010-12-12","United States","Columbus",13
"Landon Brown","Vice President","Marketing","Corporate","Male","Caucasian","26","2020-09-27","United States","Columbus",3
"Raelynn Rios","Vice President","Sales","Manufacturing","Female","Latino","43","2016-08-21","United States","Columbus",8
"Samantha Barnes","Vice President","Marketing","Speciality Products","Female","Caucasian","29","2017-01-05","United States","Columbus",7
"Alice Soto","Analyst","Accounting","Corporate","Female","Latino","56","1995-04-13","Brazil","Manaus",29
"Kennedy Vargas","Business Partner","Human Resources","Manufacturing","Female","Latino","45","2005-10-14","Brazil","Manaus",18
"Genesis Navarro","Cloud Infrastructure Architect","IT","Corporate","Female","Latino","41","2009-04-28","Brazil","Manaus",15
"Lillian Gonzales","Cloud Infrastructure Architect","IT","Manufacturing","Female","Latino","43","2009-03-13","Brazil","Manaus",15
"Nolan Molina","Computer Systems Manager","IT","Corporate","Male","Latino","36","2020-12-27","Brazil","Manaus",3
"Josephine Acosta","Director","Human Resources","Speciality Products","Female","Latino","40","2020-09-20","Brazil","Manaus",3
"Mia Herrera","Director","Marketing","Research & Development","Female","Latino","43","2014-10-16","Brazil","Manaus",9
"Leah Pena","Enterprise Architect","IT","Corporate","Female","Latino","57","1994-01-03","Brazil","Manaus",30
"Eva Garcia","HRIS Analyst","Human Resources","Corporate","Female","Latino","31","2021-04-11","Brazil","Manaus",3
"Isla Espinoza","Manager","Accounting","Speciality Products","Female","Latino","38","2021-11-16","Brazil","Manaus",2
"Robert Alvarez","Service Desk Analyst","IT","Corporate","Male","Latino","39","2016-10-21","Brazil","Manaus",7
"Alexander Rivera","Sr. Analyst","Sales","Research & Development","Male","Latino","58","2009-04-27","Brazil","Manaus",15
"Natalia Salazar","Sr. Analyst","Accounting","Manufacturing","Female","Latino","44","2019-01-02","Brazil","Manaus",5
"Samantha Chavez","Sr. Analyst","Sales","Speciality Products","Female","Latino","53","2017-01-09","Brazil","Manaus",7
"Henry Alvarez","Sr. Business Partner","Human Resources","Manufacturing","Male","Latino","48","2005-04-12","Brazil","Manaus",19
"Leo Herrera","Sr. Business Partner","Human Resources","Research & Development","Male","Latino","48","1998-04-22","Brazil","Manaus",26
"Mila Pena","Sr. Business Partner","Human Resources","Manufacturing","Female","Latino","45","2007-12-21","Brazil","Manaus",16
"Ava Ayala","Sr. Manger","IT","Corporate","Female","Latino","55","2006-08-16","Brazil","Manaus",18
"Elias Alvarado","Sr. Manger","IT","Manufacturing","Male","Latino","56","2012-01-09","Brazil","Manaus",12
"Ellie Guerrero","Sr. Manger","Human Resources","Corporate","Female","Latino","29","2020-07-13","Brazil","Manaus",4
"Levi Moreno","Systems Analyst","IT","Research & Development","Male","Latino","64","2020-06-27","Brazil","Manaus",4
"Peyton Garza","Systems Analyst","IT","Manufacturing","Female","Latino","53","2004-08-15","Brazil","Manaus",20
"Aiden Silva","Vice President","IT","Research & Development","Male","Latino","42","2010-11-29","Brazil","Manaus",13
"Claire Romero","Vice President","Marketing","Manufacturing","Female","Latino","37","2011-07-21","Brazil","Manaus",13
"Hailey Sanchez","Vice President","Marketing","Corporate","Female","Latino","32","2014-02-05","Brazil","Manaus",10
"James Castillo","Vice President","IT","Manufacturing","Male","Latino","51","2001-07-19","Brazil","Manaus",23
"Brooklyn Daniels","Analyst","Marketing","Speciality Products","Female","Caucasian","64","2003-02-10","United States","Miami",21
"Connor Vang","Analyst","Sales","Speciality Products","Male","Asian","25","2021-07-28","United States","Miami",3
"Kinsley Dixon","Analyst","Accounting","Manufacturing","Female","Caucasian","28","2019-05-25","United States","Miami",5
"Parker Vang","Analyst","Sales","Corporate","Male","Asian","40","2016-12-17","United States","Miami",7
"Peyton Walker","Analyst","Marketing","Research & Development","Female","Caucasian","43","2019-07-13","United States","Miami",5
"Samantha Rogers","Analyst","Marketing","Speciality Products","Female","Caucasian","28","2020-01-17","United States","Miami",4
"Valentina Davis","Analyst","Sales","Speciality Products","Female","Caucasian","33","2014-04-13","United States","Miami",10
"Andrew Huynh","Business Partner","Human Resources","Speciality Products","Male","Asian","57","1997-04-28","United States","Miami",27
"Scarlett Figueroa","Business Partner","Human Resources","Speciality Products","Female","Latino","34","2016-10-21","United States","Miami",7
"Zoey Jackson","Business Partner","Human Resources","Manufacturing","Female","Black","46","2008-08-21","United States","Miami",16
"Alice Roberts","Director","Human Resources","Manufacturing","Female","Caucasian","54","1994-09-26","United States","Miami",29
"Athena Vu","Director","Accounting","Manufacturing","Female","Asian","63","2007-03-06","United States","Miami",17
"Bella Holmes","Director","Accounting","Research & Development","Female","Caucasian","35","2017-06-26","United States","Miami",7
"Eva Rivera","Director","Sales","Manufacturing","Female","Latino","36","2021-04-02","United States","Miami",3
"Isaac Stewart","Director","Marketing","Speciality Products","Male","Caucasian","25","2020-08-15","United States","Miami",4
"Jose Richardson","Director","Marketing","Research & Development","Male","Caucasian","26","2019-10-15","United States","Miami",4
"Kinsley Henry","Director","Marketing","Manufacturing","Female","Black","45","2008-02-29","United States","Miami",16
"Madison Nelson","Director","Accounting","Corporate","Female","Caucasian","27","2021-07-16","United States","Miami",3
"Melody Valdez","Director","IT","Manufacturing","Female","Latino","28","2021-01-25","United States","Miami",3
"Oliver Yang","Director","Marketing","Speciality Products","Male","Asian","31","2019-06-10","United States","Miami",5
"William Watson","Director","Accounting","Speciality Products","Male","Caucasian","41","2013-06-04","United States","Miami",11
"Autumn Joseph","Enterprise Architect","IT","Corporate","Female","Black","39","2018-05-09","United States","Miami",6
"Isabella Bui","Enterprise Architect","IT","Manufacturing","Female","Asian","36","2014-11-21","United States","Miami",9
"Peyton Harris","Enterprise Architect","IT","Research & Development","Female","Caucasian","45","2009-04-05","United States","Miami",15
"Piper Cheng","Enterprise Architect","IT","Manufacturing","Female","Asian","62","2009-03-15","United States","Miami",15
"Sophia Huynh","Enterprise Architect","IT","Manufacturing","Female","Asian","55","2005-08-09","United States","Miami",19
"Emily Gupta","HRIS Analyst","Human Resources","Corporate","Female","Asian","44","2006-02-23","United States","Miami",18
"Isaac Sanders","HRIS Analyst","Human Resources","Manufacturing","Male","Caucasian","49","2001-03-29","United States","Miami",23
"Sebastian Rogers","HRIS Analyst","Human Resources","Research & Development","Male","Caucasian","38","2019-11-29","United States","Miami",4
"Emma Hill","IT Coordinator","IT","Manufacturing","Female","Caucasian","54","2016-12-27","United States","Miami",7
"Miles Dang","IT Coordinator","IT","Speciality Products","Male","Asian","61","2000-09-24","United States","Miami",23
"Amelia Choi","Manager","Marketing","Speciality Products","Female","Asian","43","2006-06-11","United States","Miami",18
"Camila Evans","Manager","Marketing","Research & Development","Female","Black","55","1992-12-20","United States","Miami",31
"Elijah Henry","Manager","IT","Corporate","Male","Caucasian","32","2014-01-03","United States","Miami",10
"Hannah Martinez","Manager","Marketing","Manufacturing","Female","Latino","65","2006-09-07","United States","Miami",18
"Isaac Woods","Manager","Sales","Corporate","Male","Caucasian","28","2021-01-08","United States","Miami",3
"Julia Sandoval","Manager","Human Resources","Corporate","Female","Latino","42","2017-11-19","United States","Miami",6
"Julian Ross","Manager","Marketing","Research & Development","Male","Caucasian","51","2020-07-02","United States","Miami",4
"Lily Pena","Manager","Human Resources","Speciality Products","Female","Latino","55","2010-02-24","United States","Miami",14
"Lucas Thomas","Manager","Accounting","Research & Development","Male","Caucasian","55","2000-04-28","United States","Miami",24
"Maria Griffin","Manager","Marketing","Manufacturing","Female","Caucasian","59","2007-04-25","United States","Miami",17
"Parker Sandoval","Manager","Human Resources","Speciality Products","Male","Latino","59","2015-06-10","United States","Miami",9
"Christopher Butler","Network Architect","IT","Manufacturing","Male","Caucasian","41","2017-10-05","United States","Miami",6
"Miles Evans","Network Architect","IT","Manufacturing","Male","Caucasian","54","1994-10-24","United States","Miami",29
"Gabriel Brooks","Network Engineer","IT","Manufacturing","Male","Caucasian","29","2018-12-10","United States","Miami",5
"Sophie Oh","Network Engineer","IT","Corporate","Female","Asian","29","2017-11-09","United States","Miami",6
"Ezra Wilson","Service Desk Analyst","IT","Manufacturing","Male","Caucasian","55","2013-10-18","United States","Miami",10
"Allison Espinoza","Solutions Architect","IT","Speciality Products","Female","Latino","45","2020-04-16","United States","Miami",4
"Colton Garcia","Solutions Architect","IT","Speciality Products","Male","Latino","55","1993-11-17","United States","Miami",30
"Eloise Trinh","Solutions Architect","IT","Speciality Products","Female","Asian","39","2020-04-22","United States","Miami",4
"Luke Wilson","Solutions Architect","IT","Speciality Products","Male","Caucasian","34","2016-05-24","United States","Miami",8
"Logan Carrillo","Sr. Analyst","Marketing","Research & Development","Male","Latino","33","2014-11-30","United States","Miami",9
"Parker Allen","Sr. Analyst","Sales","Speciality Products","Male","Caucasian","31","2018-08-13","United States","Miami",6
"Stella Lai","Sr. Analyst","Accounting","Manufacturing","Female","Asian","44","2021-04-28","United States","Miami",3
"Elijah Coleman","Sr. Manger","Sales","Research & Development","Male","Caucasian","53","2014-10-19","United States","Miami",9
"Ezekiel Reed","Sr. Manger","IT","Manufacturing","Male","Caucasian","37","2014-02-25","United States","Miami",10
"Joseph Vazquez","Sr. Manger","Accounting","Speciality Products","Male","Latino","40","2019-01-23","United States","Miami",5
"Logan Bryant","Sr. Manger","Marketing","Speciality Products","Male","Caucasian","30","2020-07-18","United States","Miami",4
"Paisley Sanders","Sr. Manger","Marketing","Speciality Products","Female","Caucasian","55","2001-03-27","United States","Miami",23
"Piper Ramos","Sr. Manger","Sales","Manufacturing","Female","Latino","49","1996-04-02","United States","Miami",28
"Sarah Daniels","Sr. Manger","Accounting","Manufacturing","Female","Caucasian","55","2011-01-09","United States","Miami",13
"Savannah Ali","Sr. Manger","Human Resources","Manufacturing","Female","Asian","36","2009-02-11","United States","Miami",15
"Avery Yee","Systems Analyst","IT","Manufacturing","Female","Asian","34","2016-05-22","United States","Miami",8
"Eli Reed","Systems Analyst","IT","Corporate","Male","Caucasian","51","2014-02-27","United States","Miami",10
"Ayla Daniels","Technical Architect","IT","Corporate","Female","Caucasian","53","1997-04-23","United States","Miami",27
"Charles Moore","Technical Architect","IT","Manufacturing","Male","Black","34","2016-02-16","United States","Miami",8
"Hannah Gomez","Technical Architect","IT","Manufacturing","Female","Latino","25","2021-05-11","United States","Miami",3
"Riley Padilla","Technical Architect","IT","Manufacturing","Female","Latino","35","2013-05-15","United States","Miami",11
"Andrew Holmes","Vice President","IT","Speciality Products","Male","Black","59","2010-12-30","United States","Miami",13
"Emily Clark","Vice President","Accounting","Corporate","Female","Caucasian","36","2020-01-13","United States","Miami",4
"Greyson Lam","Vice President","Accounting","Manufacturing","Male","Asian","25","2021-02-08","United States","Miami",3
"Jack Alexander","Vice President","IT","Manufacturing","Male","Caucasian","56","2006-05-29","United States","Miami",18
"Landon Luu","Vice President","IT","Research & Development","Male","Asian","31","2015-07-12","United States","Miami",9
"Naomi Zhao","Vice President","Human Resources","Speciality Products","Female","Asian","45","2021-09-22","United States","Miami",2
"Ryan Ha","Vice President","Marketing","Corporate","Male","Asian","60","2007-01-27","United States","Miami",17
"Scarlett Jenkins","Vice President","IT","Research & Development","Female","Caucasian","53","2011-11-09","United States","Miami",12
"Sofia Cheng","Vice President","Accounting","Corporate","Female","Asian","63","2020-07-26","United States","Miami",4
"Willow Woods","Vice President","Human Resources","Speciality Products","Female","Caucasian","28","2021-07-25","United States","Miami",3
"Xavier Jackson","Vice President","Marketing","Speciality Products","Male","Caucasian","52","2002-06-11","United States","Miami",22
"Jack Brown","Analyst","Marketing","Corporate","Male","Caucasian","55","2004-12-07","United States","Phoenix",19
"Madelyn Mehta","Analyst","Sales","Speciality Products","Female","Asian","64","2005-01-28","United States","Phoenix",19
"Peyton Vasquez","Analyst","Accounting","Corporate","Female","Latino","26","2019-01-24","United States","Phoenix",5
"Samantha Woods","Analyst","Accounting","Speciality Products","Female","Caucasian","56","2019-12-25","United States","Phoenix",4
"Eliana Allen","Business Partner","Human Resources","Research & Development","Female","Caucasian","56","2009-08-20","United States","Phoenix",15
"Jackson Jordan","Business Partner","Human Resources","Research & Development","Male","Black","48","2020-09-21","United States","Phoenix",3
"Kayden Jordan","Cloud Infrastructure Architect","IT","Research & Development","Male","Caucasian","48","2010-09-14","United States","Phoenix",14
"Kennedy Do","Computer Systems Manager","IT","Manufacturing","Female","Asian","42","2005-10-15","United States","Phoenix",18
"Liam Jordan","Computer Systems Manager","IT","Manufacturing","Male","Caucasian","28","2020-08-08","United States","Phoenix",4
"Aubrey Romero","Director","Sales","Corporate","Female","Latino","49","1998-04-02","United States","Phoenix",26
"Austin Brown","Director","Marketing","Research & Development","Male","Caucasian","48","2007-08-08","United States","Phoenix",17
"Ava Garza","Director","Accounting","Manufacturing","Female","Latino","27","2018-06-25","United States","Phoenix",6
"Caroline Owens","Director","IT","Speciality Products","Female","Caucasian","26","2021-07-26","United States","Phoenix",3
"Claire Adams","Director","Sales","Manufacturing","Female","Black","61","1997-08-19","United States","Phoenix",27
"Ethan Mehta","Director","Sales","Research & Development","Male","Asian","49","2001-07-20","United States","Phoenix",23
"Riley Washington","Director","Sales","Speciality Products","Female","Caucasian","39","2007-04-29","United States","Phoenix",17
"Vivian Barnes","Director","Human Resources","Research & Development","Female","Caucasian","51","2021-03-28","United States","Phoenix",3
"Zoe Rodriguez","Director","Human Resources","Speciality Products","Female","Latino","65","2004-05-23","United States","Phoenix",20
"Everleigh Washington","HRIS Analyst","Human Resources","Research & Development","Female","Caucasian","64","2001-10-20","United States","Phoenix",22
"Landon Thao","HRIS Analyst","Human Resources","Speciality Products","Male","Asian","25","2021-01-21","United States","Phoenix",3
"Lily Henderson","HRIS Analyst","Human Resources","Manufacturing","Female","Caucasian","61","2011-05-20","United States","Phoenix",13
"Brooklyn Ruiz","IT Coordinator","IT","Manufacturing","Female","Latino","61","2014-08-10","United States","Phoenix",10
"Lyla Alvarez","IT Systems Architect","IT","Research & Development","Female","Latino","55","1994-08-30","United States","Phoenix",30
"Alexander Gonzales","Manager","Accounting","Research & Development","Male","Latino","34","2018-06-04","United States","Phoenix",6
"Alexander Morris","Manager","Sales","Speciality Products","Male","Caucasian","33","2013-06-21","United States","Phoenix",11
"Asher Huynh","Manager","IT","Manufacturing","Male","Asian","45","2015-01-22","United States","Phoenix",9
"Camila Cortez","Manager","Marketing","Manufacturing","Female","Latino","29","2021-05-09","United States","Phoenix",3
"David Simmons","Manager","Marketing","Corporate","Male","Caucasian","51","1997-01-26","United States","Phoenix",27
"Ian Ngo","Manager","Sales","Speciality Products","Male","Asian","52","2014-08-07","United States","Phoenix",10
"Jace Washington","Manager","Accounting","Research & Development","Male","Caucasian","44","2002-02-09","United States","Phoenix",22
"Landon Kim","Manager","Human Resources","Speciality Products","Male","Asian","50","2012-03-15","United States","Phoenix",12
"Madelyn Chan","Manager","Sales","Speciality Products","Female","Asian","64","2003-05-21","United States","Phoenix",21
"Naomi Coleman","Manager","Marketing","Corporate","Female","Caucasian","29","2016-11-02","United States","Phoenix",7
"Nova Hsu","Manager","Human Resources","Speciality Products","Female","Asian","32","2017-01-03","United States","Phoenix",7
"Roman Yang","Manager","Human Resources","Manufacturing","Male","Asian","42","2009-12-12","United States","Phoenix",14
"Ruby Barnes","Manager","IT","Corporate","Female","Caucasian","27","2020-07-01","United States","Phoenix",4
"Sofia Fernandez","Manager","Accounting","Manufacturing","Female","Latino","44","2005-10-17","United States","Phoenix",18
"Daniel Jordan","Network Administrator","IT","Corporate","Male","Caucasian","58","1993-07-26","United States","Phoenix",31
"Isabella Bailey","Network Administrator","IT","Manufacturing","Female","Caucasian","36","2010-08-23","United States","Phoenix",14
"Isabella Scott","Network Administrator","IT","Research & Development","Female","Caucasian","58","2016-04-26","United States","Phoenix",8
"Everleigh White","Network Architect","IT","Speciality Products","Female","Caucasian","59","2017-10-20","United States","Phoenix",6
"Lily Carter","Network Architect","IT","Research & Development","Female","Caucasian","54","1998-05-18","United States","Phoenix",26
"Skylar Watson","Network Architect","IT","Speciality Products","Female","Caucasian","28","2021-10-08","United States","Phoenix",2
"Henry Green","Sr. Account Representative","Sales","Speciality Products","Male","Caucasian","32","2020-02-03","United States","Phoenix",4
"Thomas Aguilar","Sr. Account Representative","Sales","Speciality Products","Male","Latino","45","2021-02-10","United States","Phoenix",3
"Avery Bailey","Sr. Analyst","Sales","Speciality Products","Female","Caucasian","49","1996-05-15","United States","Phoenix",28
"Axel Santos","Sr. Analyst","Accounting","Speciality Products","Male","Latino","62","2011-02-17","United States","Phoenix",13
"Carter Turner","Sr. Analyst","Marketing","Corporate","Male","Caucasian","33","2015-11-17","United States","Phoenix",8
"Dominic Scott","Sr. Analyst","Sales","Corporate","Male","Caucasian","45","2011-03-16","United States","Phoenix",13
"Emery Hunter","Sr. Analyst","Sales","Corporate","Female","Caucasian","28","2021-07-03","United States","Phoenix",3
"Harper Alexander","Sr. Analyst","Sales","Speciality Products","Female","Caucasian","26","2019-10-14","United States","Phoenix",4
"Penelope Gonzalez","Sr. Analyst","Sales","Corporate","Female","Latino","52","1994-10-16","United States","Phoenix",29
"Liam Grant","Sr. Business Partner","Human Resources","Research & Development","Male","Caucasian","30","2015-03-15","United States","Phoenix",9
"Lucas Ramos","Sr. Business Partner","Human Resources","Speciality Products","Male","Latino","56","1998-01-21","United States","Phoenix",26
"Mila Roberts","Sr. Business Partner","Human Resources","Corporate","Female","Caucasian","30","2017-01-26","United States","Phoenix",7
"Ayla Brown","Sr. Manger","Sales","Manufacturing","Female","Caucasian","49","2013-04-15","United States","Phoenix",11
"Clara Kang","Sr. Manger","IT","Manufacturing","Female","Asian","39","2017-03-25","United States","Phoenix",7
"Dylan Ali","Sr. Manger","Human Resources","Speciality Products","Male","Asian","27","2021-04-16","United States","Phoenix",3
"Hannah White","Sr. Manger","Accounting","Corporate","Female","Caucasian","62","2009-01-30","United States","Phoenix",15
"Henry Campos","Sr. Manger","Human Resources","Corporate","Male","Latino","38","2009-09-27","United States","Phoenix",14
"Joshua Chin","Sr. Manger","Marketing","Manufacturing","Male","Asian","60","2021-07-26","United States","Phoenix",3
"Joshua Martin","Sr. Manger","Human Resources","Research & Development","Male","Black","42","2003-10-20","United States","Phoenix",20
"Julia Morris","Sr. Manger","Human Resources","Corporate","Female","Caucasian","60","2008-10-18","United States","Phoenix",15
"Layla Scott","Sr. Manger","Accounting","Speciality Products","Female","Caucasian","48","2010-07-30","United States","Phoenix",14
"Madelyn Scott","Sr. Manger","IT","Research & Development","Female","Caucasian","46","2002-01-09","United States","Phoenix",22
"Mia Cheng","Sr. Manger","Sales","Manufacturing","Female","Asian","34","2015-04-22","United States","Phoenix",9
"Nevaeh Hsu","Sr. Manger","Human Resources","Manufacturing","Female","Asian","32","2017-04-14","United States","Phoenix",7
"Sadie Washington","Sr. Manger","Marketing","Research & Development","Female","Caucasian","29","2019-05-24","United States","Phoenix",5
"Santiago f Brooks","Sr. Manger","Sales","Corporate","Male","Black","51","2000-09-01","United States","Phoenix",24
"Stella Wu","Sr. Manger","Marketing","Speciality Products","Female","Asian","35","2014-02-20","United States","Phoenix",10
"Ava Nelson","Systems Analyst","IT","Manufacturing","Female","Caucasian","63","1992-04-01","United States","Phoenix",32
"Jameson Martin","Technical Architect","IT","Corporate","Male","Caucasian","37","2008-02-15","United States","Phoenix",16
"Aaliyah Mai","Vice President","IT","Speciality Products","Female","Asian","57","2016-11-11","United States","Phoenix",7
"Isaac Han","Vice President","Human Resources","Speciality Products","Male","Asian","31","2015-01-14","United States","Phoenix",9
"Jackson Perry","Vice President","Marketing","Research & Development","Male","Caucasian","27","2019-10-20","United States","Phoenix",4
"Robert Zhang","Vice President","Marketing","Corporate","Male","Asian","45","2015-09-24","United States","Phoenix",8
"Eli Soto","Analyst","Marketing","Speciality Products","Male","Latino","38","2016-05-02","Brazil","Rio de Janerio",8
"Ian Vargas","Analyst","Sales","Manufacturing","Male","Latino","26","2021-03-02","Brazil","Rio de Janerio",3
"Kayden Ortega","Analyst","Accounting","Manufacturing","Male","Latino","58","2010-04-19","Brazil","Rio de Janerio",14
"Nora Santiago","Analyst","Accounting","Research & Development","Female","Latino","55","1996-06-26","Brazil","Rio de Janerio",28
"Charlotte Ruiz","Computer Systems Manager","IT","Manufacturing","Female","Latino","32","2017-10-02","Brazil","Rio de Janerio",6
"Logan Rivera","Director","IT","Research & Development","Male","Latino","59","2002-05-24","Brazil","Rio de Janerio",22
"Caleb Marquez","IT Systems Architect","IT","Research & Development","Male","Latino","29","2019-10-15","Brazil","Rio de Janerio",4
"Silas Estrada","IT Systems Architect","IT","Corporate","Male","Latino","49","2016-06-24","Brazil","Rio de Janerio",8
"Caleb Flores","Manager","Human Resources","Manufacturing","Male","Latino","34","2013-08-13","Brazil","Rio de Janerio",11
"Jayden Jimenez","Manager","Human Resources","Corporate","Male","Latino","46","2011-09-24","Brazil","Rio de Janerio",12
"Eliza Hernandez","Network Architect","IT","Corporate","Female","Latino","48","2019-07-04","Brazil","Rio de Janerio",5
"Riley Rojas","Network Architect","IT","Speciality Products","Female","Latino","36","2021-01-21","Brazil","Rio de Janerio",3
"Everett Morales","Solutions Architect","IT","Speciality Products","Male","Latino","57","2014-07-10","Brazil","Rio de Janerio",10
"Dylan Dominguez","Sr. Analyst","Marketing","Research & Development","Male","Latino","42","2015-04-07","Brazil","Rio de Janerio",9
"Jade Figueroa","Sr. Analyst","Sales","Manufacturing","Female","Latino","33","2012-05-14","Brazil","Rio de Janerio",12
"Jordan Gomez","Sr. Analyst","Accounting","Research & Development","Male","Latino","58","1994-09-15","Brazil","Rio de Janerio",30
"Paisley Gomez","Sr. Analyst","Sales","Manufacturing","Female","Latino","57","2007-10-02","Brazil","Rio de Janerio",16
"Xavier Perez","Sr. Analyst","Sales","Manufacturing","Male","Latino","51","1998-02-26","Brazil","Rio de Janerio",26
"Ian Gutierrez","Sr. Business Partner","Human Resources","Research & Development","Male","Latino","32","2021-04-09","Brazil","Rio de Janerio",3
"Madeline Garcia","Sr. Business Partner","Human Resources","Speciality Products","Female","Latino","45","2019-04-26","Brazil","Rio de Janerio",5
"Avery Dominguez","Sr. Manger","Sales","Corporate","Female","Latino","27","2019-09-13","Brazil","Rio de Janerio",5
"Caroline Herrera","Sr. Manger","Marketing","Manufacturing","Female","Latino","45","2004-08-19","Brazil","Rio de Janerio",20
"Elijah Ramos","Sr. Manger","IT","Speciality Products","Male","Latino","33","2012-12-24","Brazil","Rio de Janerio",11
"Isla Guzman","Sr. Manger","Accounting","Speciality Products","Female","Latino","28","2019-07-06","Brazil","Rio de Janerio",5
"Vivian Espinoza","Sr. Manger","Sales","Corporate","Female","Latino","52","2006-10-05","Brazil","Rio de Janerio",17
"Julian Delgado","Systems Analyst","IT","Speciality Products","Male","Latino","29","2016-05-19","Brazil","Rio de Janerio",8
"Kinsley Vega","Vice President","Accounting","Corporate","Female","Latino","33","2020-12-16","Brazil","Rio de Janerio",3
"Levi Mendez","Vice President","Sales","Research & Development","Male","Latino","39","2011-08-23","Brazil","Rio de Janerio",13
"Nolan Pena","Analyst","Marketing","Manufacturing","Male","Latino","30","2018-06-21","Brazil","Sao Paulo",6
"Hazel Alvarez","Business Partner","Human Resources","Research & Development","Female","Latino","62","2014-04-19","Brazil","Sao Paulo",10
"Eva Alvarado","Computer Systems Manager","IT","Manufacturing","Female","Latino","46","2017-04-24","Brazil","Sao Paulo",7
"Elena Mendoza","Director","Sales","Speciality Products","Female","Latino","27","2018-10-24","Brazil","Sao Paulo",5
"Jackson Navarro","Director","Sales","Corporate","Male","Latino","52","2020-09-25","Brazil","Sao Paulo",3
"Kinsley Martinez","Director","Human Resources","Speciality Products","Female","Latino","52","1993-08-28","Brazil","Sao Paulo",31
"Samantha Vargas","Director","Human Resources","Corporate","Female","Latino","53","2006-07-21","Brazil","Sao Paulo",18
"Jameson Alvarado","Enterprise Architect","IT","Manufacturing","Male","Latino","47","1999-03-14","Brazil","Sao Paulo",25
"Hazel Cortez","HRIS Analyst","Human Resources","Research & Development","Female","Latino","52","2021-04-18","Brazil","Sao Paulo",3
"Miles Salazar","IT Coordinator","IT","Manufacturing","Male","Latino","36","2010-12-23","Brazil","Sao Paulo",13
"Cooper Valdez","Manager","Sales","Corporate","Male","Latino","50","2012-04-25","Brazil","Sao Paulo",12
"Mila Juarez","Manager","Sales","Speciality Products","Female","Latino","38","2017-09-21","Brazil","Sao Paulo",6
"Zoe Romero","Network Architect","IT","Manufacturing","Female","Latino","32","2021-10-05","Brazil","Sao Paulo",2
"Lucy Avila","Solutions Architect","IT","Speciality Products","Female","Latino","43","2010-04-22","Brazil","Sao Paulo",14
"Madeline Acosta","Sr. Account Representative","Sales","Speciality Products","Female","Latino","26","2021-02-09","Brazil","Sao Paulo",3
"Eleanor Delgado","Sr. Analyst","Marketing","Manufacturing","Female","Latino","33","2014-04-27","Brazil","Sao Paulo",10
"Jaxson Sandoval","Sr. Analyst","Sales","Speciality Products","Male","Latino","61","2017-05-03","Brazil","Sao Paulo",7
"Landon Lopez","Sr. Analyst","Accounting","Manufacturing","Male","Latino","38","2008-07-05","Brazil","Sao Paulo",16
"Zoe Sanchez","Sr. Analyst","Accounting","Research & Development","Female","Latino","53","2004-12-23","Brazil","Sao Paulo",19
"Carter Mejia","Sr. Manger","Human Resources","Research & Development","Male","Latino","29","2019-05-09","Brazil","Sao Paulo",5
"Charles Diaz","Sr. Manger","Sales","Corporate","Male","Latino","55","2013-11-16","Brazil","Sao Paulo",10
"Eva Estrada","Sr. Manger","Sales","Speciality Products","Female","Latino","45","2018-07-24","Brazil","Sao Paulo",6
"Hadley Guerrero","Sr. Manger","IT","Research & Development","Female","Latino","49","2004-01-14","Brazil","Sao Paulo",20
"Luke Sanchez","Sr. Manger","Human Resources","Manufacturing","Male","Latino","41","2015-12-27","Brazil","Sao Paulo",8
"Lydia Espinoza","Sr. Manger","Marketing","Speciality Products","Female","Latino","29","2020-05-15","Brazil","Sao Paulo",4
"Aiden Gonzales","Vice President","Marketing","Speciality Products","Male","Latino","44","2021-03-28","Brazil","Sao Paulo",3
"Joshua Ramirez","Vice President","Human Resources","Corporate","Male","Latino","44","2007-09-10","Brazil","Sao Paulo",17
"Natalia Santos","Vice President","Human Resources","Speciality Products","Female","Latino","45","2019-02-25","Brazil","Sao Paulo",5
"Thomas Padilla","Vice President","Marketing","Research & Development","Male","Latino","57","2003-07-26","Brazil","Sao Paulo",21
"Abigail Garza","Analyst","Accounting","Manufacturing","Female","Latino","33","2018-05-27","United States","Seattle",6
"Alice Tran","Analyst","Marketing","Corporate","Female","Asian","39","2014-07-29","United States","Seattle",10
"Charles Moore","Analyst","Accounting","Speciality Products","Male","Caucasian","49","2011-12-17","United States","Seattle",12
"Isaac Joseph","Analyst","Sales","Manufacturing","Male","Caucasian","54","1998-09-24","United States","Seattle",25
"Leonardo Dixon","Analyst","Sales","Speciality Products","Male","Caucasian","37","2019-09-05","United States","Seattle",5
"Ruby Washington","Analyst","Marketing","Research & Development","Female","Black","65","2011-06-17","United States","Seattle",13
"Sarah Ayala","Analyst","Sales","Corporate","Female","Latino","47","2015-06-09","United States","Seattle",9
"Hadley Yee","Business Partner","Human Resources","Speciality Products","Female","Asian","31","2018-03-12","United States","Seattle",6
"Anna Mehta","Cloud Infrastructure Architect","IT","Speciality Products","Female","Asian","32","2020-01-05","United States","Seattle",4
"Madeline Allen","Cloud Infrastructure Architect","IT","Manufacturing","Female","Caucasian","30","2020-02-03","United States","Seattle",4
"Nathan Chan","Cloud Infrastructure Architect","IT","Corporate","Male","Asian","45","2000-03-02","United States","Seattle",24
"Easton Moore","Computer Systems Manager","IT","Research & Development","Male","Caucasian","52","2013-05-23","United States","Seattle",11
"Gabriella Johnson","Computer Systems Manager","IT","Research & Development","Female","Caucasian","42","2006-03-01","United States","Seattle",18
"Lincoln Reyes","Computer Systems Manager","IT","Manufacturing","Male","Latino","60","1998-08-03","United States","Seattle",26
"Madeline Shin","Computer Systems Manager","IT","Speciality Products","Female","Asian","48","2007-01-09","United States","Seattle",17
"Aria Xi","Director","Sales","Research & Development","Female","Asian","45","2002-03-01","United States","Seattle",22
"Axel Johnson","Director","Human Resources","Corporate","Male","Caucasian","60","2015-04-14","United States","Seattle",9
"Eva Coleman","Director","IT","Research & Development","Female","Black","37","2009-09-20","United States","Seattle",14
"Grayson Walker","Director","Accounting","Manufacturing","Male","Caucasian","29","2017-02-19","United States","Seattle",7
"Jade Li","Director","IT","Speciality Products","Female","Asian","47","2012-10-26","United States","Seattle",11
"Jameson Allen","Director","Marketing","Speciality Products","Male","Caucasian","32","2016-11-28","United States","Seattle",7
"Leilani Thao","Director","Human Resources","Speciality Products","Female","Asian","38","2007-05-30","United States","Seattle",17
"Penelope Griffin","Director","Sales","Manufacturing","Female","Caucasian","61","2021-01-23","United States","Seattle",3
"Piper Sun","Director","Marketing","Manufacturing","Female","Asian","64","2011-02-14","United States","Seattle",13
"Ruby Medina","Director","Sales","Manufacturing","Female","Latino","50","2018-12-18","United States","Seattle",5
"Rylee Yu","Director","Accounting","Research & Development","Female","Asian","36","2015-09-29","United States","Seattle",8
"Savannah Singh","Director","Marketing","Speciality Products","Female","Asian","53","1997-06-20","United States","Seattle",27
"Christopher Howard","Enterprise Architect","IT","Speciality Products","Male","Caucasian","61","2019-08-26","United States","Seattle",5
"Gabriel Holmes","Enterprise Architect","IT","Research & Development","Male","Caucasian","40","2010-11-04","United States","Seattle",13
"Charles Robinson","HRIS Analyst","Human Resources","Speciality Products","Male","Caucasian","26","2021-03-12","United States","Seattle",3
"Dylan Padilla","HRIS Analyst","Human Resources","Manufacturing","Male","Latino","31","2015-12-09","United States","Seattle",8
"Everly Walker","HRIS Analyst","Human Resources","Speciality Products","Female","Caucasian","41","2009-10-23","United States","Seattle",14
"Robert Edwards","HRIS Analyst","Human Resources","Corporate","Male","Caucasian","62","2004-10-11","United States","Seattle",19
"Savannah Park","HRIS Analyst","Human Resources","Manufacturing","Female","Asian","44","2009-01-28","United States","Seattle",15
"Eli Richardson","IT Coordinator","IT","Speciality Products","Male","Caucasian","38","2015-04-19","United States","Seattle",9
"Julian Lee","IT Systems Architect","IT","Corporate","Male","Asian","51","2003-01-17","United States","Seattle",21
"Oliver Moua","IT Systems Architect","IT","Corporate","Male","Asian","29","2021-06-28","United States","Seattle",3
"Aria Roberts","Manager","Accounting","Corporate","Female","Caucasian","38","2015-08-12","United States","Seattle",9
"Aurora Ali","Manager","Marketing","Research & Development","Female","Asian","30","2016-04-24","United States","Seattle",8
"Connor Fong","Manager","Accounting","Speciality Products","Male","Asian","40","2018-02-16","United States","Seattle",6
"Cooper Mitchell","Manager","Sales","Speciality Products","Male","Caucasian","43","2006-01-31","United States","Seattle",18
"Samantha Aguilar","Manager","Accounting","Speciality Products","Female","Latino","46","2010-04-24","United States","Seattle",14
"Santiago f Gonzalez","Manager","Sales","Research & Development","Male","Latino","36","2012-07-26","United States","Seattle",12
"Dylan Wilson","Network Administrator","IT","Research & Development","Male","Caucasian","48","2006-09-27","United States","Seattle",17
"Luna Taylor","Network Administrator","IT","Manufacturing","Female","Caucasian","47","2018-07-28","United States","Seattle",6
"Addison Roberts","Network Architect","IT","Manufacturing","Female","Caucasian","65","2018-05-14","United States","Seattle",6
"Evelyn Liang","Service Desk Analyst","IT","Speciality Products","Female","Asian","40","2013-06-26","United States","Seattle",11
"Chloe Allen","Solutions Architect","IT","Manufacturing","Female","Caucasian","64","2004-07-08","United States","Seattle",20
"Emma Perry","Solutions Architect","IT","Manufacturing","Female","Caucasian","28","2018-01-22","United States","Seattle",6
"Layla Salazar","Solutions Architect","IT","Corporate","Female","Latino","59","2014-03-19","United States","Seattle",10
"Amelia Bell","Sr. Analyst","Sales","Manufacturing","Female","Caucasian","53","2017-08-05","United States","Seattle",7
"Connor Grant","Sr. Analyst","Accounting","Speciality Products","Male","Caucasian","27","2021-10-13","United States","Seattle",2
"Cora Rivera","Sr. Analyst","Marketing","Corporate","Female","Latino","42","2021-01-02","United States","Seattle",3
"Matthew Lim","Sr. Analyst","Sales","Research & Development","Male","Asian","52","1994-02-18","United States","Seattle",30
"Sadie Patterson","Sr. Analyst","Accounting","Speciality Products","Female","Caucasian","38","2020-07-24","United States","Seattle",4
"Wesley Gray","Sr. Analyst","Accounting","Speciality Products","Male","Caucasian","62","2003-04-22","United States","Seattle",21
"Liam Sanders","Sr. Business Partner","Human Resources","Corporate","Male","Caucasian","46","2007-02-20","United States","Seattle",17
"Matthew Chau","Sr. Business Partner","Human Resources","Research & Development","Male","Asian","53","2002-11-16","United States","Seattle",21
"Skylar Doan","Sr. Business Partner","Human Resources","Research & Development","Female","Asian","58","1994-08-21","United States","Seattle",30
"Camila Silva","Sr. Manger","Marketing","Speciality Products","Female","Latino","64","2003-12-01","United States","Seattle",20
"Chloe Salazar","Sr. Manger","Human Resources","Speciality Products","Female","Latino","45","2011-05-22","United States","Seattle",13
"Elijah Watson","Sr. Manger","Sales","Manufacturing","Male","Caucasian","29","2017-03-16","United States","Seattle",7
"Emily Davis","Sr. Manger","IT","Research & Development","Female","Black","55","2016-04-08","United States","Seattle",8
"Jordan Zhu","Sr. Manger","Marketing","Manufacturing","Male","Asian","32","2017-01-29","United States","Seattle",7
"Nathan Pham","Sr. Manger","Accounting","Manufacturing","Male","Asian","45","2006-12-12","United States","Seattle",17
"Nora Le","Sr. Manger","IT","Manufacturing","Female","Asian","53","1997-04-12","United States","Seattle",27
"Sophia Ahmed","Sr. Manger","Sales","Speciality Products","Female","Asian","30","2015-06-13","United States","Seattle",9
"Leo Owens","Systems Analyst","IT","Corporate","Male","Caucasian","47","2020-04-23","United States","Seattle",4
"Maverick Mehta","Systems Analyst","IT","Manufacturing","Male","Asian","40","2007-07-30","United States","Seattle",17
"Leilani Baker","Technical Architect","IT","Speciality Products","Female","Caucasian","59","2010-04-04","United States","Seattle",14
"Madison Her","Technical Architect","IT","Speciality Products","Female","Asian","56","1996-06-22","United States","Seattle",28
"Alice Thompson","Vice President","Accounting","Speciality Products","Female","Caucasian","48","2007-04-25","United States","Seattle",17
"Christian Sanders","Vice President","Human Resources","Speciality Products","Male","Black","45","2013-08-07","United States","Seattle",11
"Eloise Alexander","Vice President","Human Resources","Corporate","Female","Black","28","2018-01-21","United States","Seattle",6
"Hunter Nunez","Vice President","Human Resources","Corporate","Male","Latino","62","2002-08-16","United States","Seattle",22
"Isabella Xi","Vice President","Marketing","Research & Development","Female","Asian","41","2013-03-13","United States","Seattle",11
"John Moore","Vice President","IT","Speciality Products","Male","Caucasian","52","2005-11-08","United States","Seattle",18
"Penelope Guerrero","Vice President","IT","Speciality Products","Female","Latino","43","2009-08-04","United States","Seattle",15
"Samuel Bailey","Vice President","Accounting","Speciality Products","Male","Caucasian","41","2013-08-17","United States","Seattle",11
"Ruby Sun","Cloud Infrastructure Architect","IT","Manufacturing","Female","Asian","50","2021-09-06","China","Shanghai",3
"Jacob Khan","Computer Systems Manager","IT","Speciality Products","Male","Asian","53","2008-02-09","China","Shanghai",16
"Nolan Bui","Computer Systems Manager","IT","Research & Development","Male","Asian","28","2020-05-26","China","Shanghai",4
"Christopher Lim","Director","IT","Research & Development","Male","Asian","55","2007-03-13","China","Shanghai",17
"Hailey Shin","Director","Human Resources","Corporate","Female","Asian","57","2016-10-24","China","Shanghai",7
"John Trinh","Director","Marketing","Corporate","Male","Asian","49","2014-06-26","China","Shanghai",10
"Clara Huynh","IT Coordinator","IT","Speciality Products","Female","Asian","39","2020-11-18","China","Shanghai",3
"Jeremiah Chu","IT Systems Architect","IT","Research & Development","Male","Asian","31","2020-09-12","China","Shanghai",4
"Dominic Hu","Manager","Accounting","Speciality Products","Male","Asian","34","2012-02-13","China","Shanghai",12
"Elias Ali","Manager","Sales","Corporate","Male","Asian","28","2021-03-19","China","Shanghai",3
"Eloise Pham","Manager","Sales","Speciality Products","Female","Asian","45","2011-10-20","China","Shanghai",12
"Hailey Dang","Manager","Marketing","Manufacturing","Female","Asian","64","2019-09-21","China","Shanghai",4
"Jonathan Patel","Manager","Marketing","Corporate","Male","Asian","28","2020-02-02","China","Shanghai",4
"Julia Mai","Manager","Marketing","Manufacturing","Female","Asian","50","2012-03-11","China","Shanghai",12
"Nathan Sun","Manager","Accounting","Speciality Products","Male","Asian","63","2015-07-29","China","Shanghai",9
"Wesley Sharma","Manager","IT","Corporate","Male","Asian","51","1994-02-23","China","Shanghai",30
"Angel Chang","Network Architect","IT","Research & Development","Male","Asian","37","2017-07-06","China","Shanghai",7
"Jeremiah Lu","Network Architect","IT","Manufacturing","Male","Asian","50","2001-03-06","China","Shanghai",23
"Joshua Yang","Network Engineer","IT","Manufacturing","Male","Asian","34","2018-11-10","China","Shanghai",5
"Gabriella Gupta","Sr. Account Representative","Sales","Corporate","Female","Asian","41","2005-02-15","China","Shanghai",19
"Vivian Chu","Sr. Account Representative","Sales","Research & Development","Female","Asian","46","2021-01-17","China","Shanghai",3
"John Jung","Sr. Analyst","Sales","Speciality Products","Male","Asian","63","2018-03-12","China","Shanghai",6
"Thomas Jung","Sr. Analyst","Accounting","Research & Development","Male","Asian","50","2009-10-23","China","Shanghai",14
"Charlotte Wu","Sr. Business Partner","Human Resources","Manufacturing","Female","Asian","63","2007-05-02","China","Shanghai",17
"Camila Li","Sr. Manger","IT","Research & Development","Female","Asian","60","2010-07-24","China","Shanghai",14
"Caroline Hu","Sr. Manger","Marketing","Speciality Products","Female","Asian","31","2019-08-18","China","Shanghai",5
"Charles Luu","Sr. Manger","Sales","Manufacturing","Male","Asian","25","2021-06-15","China","Shanghai",3
"Eleanor Chan","Sr. Manger","Accounting","Manufacturing","Female","Asian","49","2001-04-02","China","Shanghai",23
"Jaxon Tran","Sr. Manger","Sales","Manufacturing","Male","Asian","45","2007-09-07","China","Shanghai",17
"Jaxson Dinh","Sr. Manger","Marketing","Research & Development","Male","Asian","45","2001-05-03","China","Shanghai",23
"Luke Vu","Sr. Manger","Marketing","Speciality Products","Male","Asian","52","2018-06-04","China","Shanghai",6
"Sofia Yoon","Sr. Manger","Human Resources","Research & Development","Female","Asian","37","2011-01-17","China","Shanghai",13
"Angel Xiong","Vice President","IT","Research & Development","Male","Asian","35","2015-06-11","China","Shanghai",9
"Ezekiel Fong","Vice President","Sales","Research & Development","Male","Asian","56","2004-02-25","China","Shanghai",20
"Jameson Chen","Vice President","Marketing","Research & Development","Male","Asian","39","2019-12-05","China","Shanghai",4
"Luna Liu","Vice President","Sales","Manufacturing","Female","Asian","36","2014-02-22","China","Shanghai",10
